Workbook

Sheet README
A1: LIMAC 공사비 DB — 나라장터 발주공고 기반
A2: 생성일 | B2: 2026-09-05
A3: 수집기간 | B3: 합성 데이터(예시)
A4: 출처 | B4: 조달청 나라장터 입찰공고정보서비스(공공데이터포털) + 공고 첨부문서(공고문·현장설명서 등) LLM 추출
A5: 금액 기준 | B5: 낙찰가 아님. 추정가격(VAT 제외)·기초금액(추정가격+VAT) = 예정가격 산정 기준. 관급자재는 별도 컬럼.
A6: 대표 공고 | B6: 동일 (프로젝트, 공종)에 복수 공고 시 취소공고 제외 후 최신 공고 1건을 대표로 채택(변경·재공고 반영). 이력은 02시트 보존.
A7: 프로젝트ID | B7: 시설ID-사업유형코드(N 신축 / E 증축 / R 리모델링 / ER 증축·리모델링). 같은 시설의 신축과 리모델링은 별도 프로젝트로 집계되며, ㎡당 공사비 비교는 반드시 사업유형이 같은 프로젝트끼리 할 것.
A8: 색상 | B8: 파란 글자=원천값(API/문서), 검은 글자=수식, 노란 배경=사용자 입력·검수 셀 (01 시트의 연면적·층수 등은 문서 추출값이며 직접 고치면 05 ㎡당 공사비에 반영됨)
A9: 단위 | B9: 금액: 원 / 면적: ㎡ / 기간: 일
A11: 시트 | B11: 내용
A12: 01_시설마스터 | B12: 시설(프로젝트) 단위 개요·공종 커버리지
A13: 02_공고목록_전체 | B13: 수집된 모든 공고(차수·재공고·취소 이력 포함)
A14: 03_공고목록_최신 | B14: 프로젝트키(시설×공종)당 대표 공고
... A18: 07_추출노트 | B18: 첨부파일별 다운로드·텍스트 추출 결과

Sheet 01_시설마스터
A1: 프로젝트ID | B1: 시설ID | C1: 시설명 | D1: 사업유형 | E1: 표2_대분류 | F1: 표2_중분류 | G1: 검색어 | H1: 수요기관 | I1: 공사현장지역 | J1: 공고건수_전체 | K1: 공고건수_최신 | L1: 최초공고일 | M1: 최종공고일 | N1: 공종_건축 | O1: 공종_전기 | P1: 공종_정보통신 | Q1: 공종_소방 | R1: 공종_조경 | S1: 공종_기계설비 | T1: 공종_토목 | U1: 공종_기타 | V1: 연면적_m2 | W1: 건축면적_m2 | X1: 지하층수 | Y1: 지상층수 | Z1: 구조 | AA1: 용도 | AB1: 공사기간_일 | AC1: 검수_포함여부 | AD1: 메모
A2: F0001-N | B2: F0001 | C2: 예시군 문화예술회관 | D2: 신축 | E2: 문화 및 집회시설 | F2: 공연장 | G2: 문화예술회관 | H2: 예시군 | I2: 전라남도 예시군 | J2: 2 | K2: 2 | L2: 2025-02-10 10:00 | M2: 2025-02-10 11:00 | N2: O | O2: O | P2: X | Q2: X | R2: X | S2: X | T2: X | U2: X | V2: 15200 | X2: 1 | Y2: 3 | Z2: 철골철근콘크리트조 | AA2: 공연장 | AB2: 1080 | AC2: 포함
A3: F0002-N | B3: F0002 | C3: 가상시립미술관 | D3: 신축 | E3: 문화 및 집회시설 | F3: 미술관 | G3: 미술관 | H3: 가상광역시 | I3: 가상광역시 중구 | J3: 6 | K3: 4 | L3: 2024-03-05 10:00 | M3: 2024-05-20 10:00 | N3: O | O3: O | P3: O | Q3: O | R3: X | S3: X | T3: X | U3: X | V3: 9850 | W3: 3200 | X3: 2 | Y3: 4 | Z3: 철근콘크리트조 | AA3: 미술관 | AB3: 900 | AC3: 포함
A4: F0002-R | B4: F0002 | C4: 가상시립미술관 | D4: 리모델링 | E4: 문화 및 집회시설 | F4: 미술관 | G4: 미술관 | H4: 가상광역시 | I4: 가상광역시 중구 | J4: 2 | K4: 2 | L4: 2026-05-02 10:00 | M4: 2026-05-03 10:00 | N4: O | O4: O | P4: X | Q4: X | R4: X | S4: X | T4: X | U4: X | V4: 6100 | X4: 1 | Y4: 4 | Z4: 철근콘크리트조 | AA4: 미술관 | AB4: 420 | AC4: 포함

Sheet 02_공고목록_전체
A1: 공고번호 | B1: 공고차수 | C1: 공고키 | D1: 공고명 | E1: 공고종류 | F1: 재공고여부 | G1: 공고일시 | H1: 입찰마감일시 | I1: 개찰일시 | J1: 공고기관 | K1: 수요기관 | L1: 공사현장지역 | M1: 추정가격 | N1: 기초금액 | O1: 주공종명 | P1: 면허제한업종 | Q1: 공종 | R1: 공종근거 | S1: 사업유형 | T1: 사업유형_원분류 | U1: 시설ID | V1: 시설명 | W1: 프로젝트ID | X1: 프로젝트키 | Y1: 최신여부 | Z1: 대체공고번호 | AA1: 대표선정사유 | AB1: 사전규격번호 | AC1: 첨부파일수 | AD1: 상세URL
A2: 20250100008 | B2: 00 | C2: 20250100008-00 | D2: 예시군 문화예술회관 건립공사 | E2: 일반 | F2: N | G2: 2025-02-10 10:00 | J2: 예시군 | K2: 예시군 | L2: 전라남도 예시군 | M2: 32000000000 | N2: 35200000000 | O2: 건축공사 | Q2: 건축 | R2: 주공종명 | S2: 신축 | T2: 신축 | U2: F0001 | V2: 예시군 문화예술회관 | W2: F0001-N | X2: F0001-N|건축| | Y2: TRUE | AA2: 단독 공고 | AC2: 0
A3: 20250100009 | B3: 00 | C3: 20250100009-00 | D3: 예시군 문화예술회관 건립 전기공사 | E3: 일반 | F3: N | G3: 2025-02-10 11:00 | J3: 예시군 | K3: 예시군 | L3: 전라남도 예시군 | M3: 2600000000 | N3: 2860000000 | O3: 전기공사 | Q3: 전기 | R3: 주공종명 | S3: 신축 | T3: 신축 | U3: F0001 | V3: 예시군 문화예술회관 | W3: F0001-N | X3: F0001-N|전기| | Y3: TRUE | AA3: 단독 공고 | AC3: 0
A4: 20240100001 | B4: 00 | C4: 20240100001-00 | D4: 가상시립미술관 건립공사(건축) | E4: 일반 | F4: N | G4: 2024-03-05 10:00 | J4: 가상광역시 | K4: 가상광역시 | L4: 가상광역시 중구 | M4: 18200000000 | N4: 20020000000 | O4: 건축공사 | Q4: 건축 | R4: 주공종명 | S4: 신축 | T4: 신축 | U4: F0002 | V4: 가상시립미술관 | W4: F0002-N | X4: F0002-N|건축| | Y4: FALSE | Z4: 20240100001 | AA4: 구차수(이후 차수로 대체) | AC4: 1 | AD4: https://www.g2b.go.kr/x/1
A5: 20240100001 | B5: 01 | C5: 20240100001-01 | D5: 가상시립미술관 건립공사(건축) [변경] | E5: 변경 | F5: N | G5: 2024-03-12 10:00 | J5: 가상광역시 | K5: 가상광역시 | L5: 가상광역시 중구 | M5: 18200000000 | N5: 20020000000 | O5: 건축공사 | Q5: 건축 | R5: 주공종명 | S5: 신축 | T5: 신축 | U5: F0002 | V5: 가상시립미술관 | W5: F0002-N | X5: F0002-N|건축| | Y5: FALSE | Z5: 20240200002 | AA5: 대체됨(이후 재공고/재발주) | AC5: 0 | AD5: https://www.g2b.go.kr/x/1
A6: 20240100003 | B6: 00 | C6: 20240100003-00 | D6: 가상시립미술관 건립 전기공사 | E6: 일반 | F6: N | G6: 2024-03-06 10:00 | J6: 가상광역시 | K6: 가상광역시 | L6: 가상광역시 중구 | M6: 1450000000 | N6: 1595000000 | O6: 전기공사 | Q6: 전기 | R6: 주공종명 | S6: 신축 | T6: 신축 | U6: F0002 | V6: 가상시립미술관 | W6: F0002-N | X6: F0002-N|전기| | Y6: TRUE | AA6: 단독 공고 | AC6: 0
A7: 20240100004 | B7: 00 | C7: 20240100004-00 | D7: 가상시립미술관 건립 정보통신공사 | E7: 일반 | F7: N | G7: 2024-03-06 11:00 | J7: 가상광역시 | K7: 가상광역시 | L7: 가상광역시 중구 | M7: 620000000 | N7: 682000000 | O7: 정보통신공사 | Q7: 정보통신 | R7: 주공종명 | S7: 신축 | T7: 신축 | U7: F0002 | V7: 가상시립미술관 | W7: F0002-N | X7: F0002-N|정보통신| | Y7: TRUE | AA7: 단독 공고 | AC7: 0
A8: 20240100005 | B8: 00 | C8: 20240100005-00 | D8: 가상시립미술관 건립 소방시설공사 | E8: 취소 | F8: N | G8: 2024-03-07 10:00 | J8: 가상광역시 | K8: 가상광역시 | L8: 가상광역시 중구 | M8: 510000000 | N8: 561000000 | O8: 소방공사 | Q8: 소방 | R8: 주공종명 | S8: 신축 | T8: 신축 | U8: F0002 | V8: 가상시립미술관 | W8: F0002-N | X8: F0002-N|소방| | Y8: FALSE | Z8: 20240300006 | AA8: 취소공고 | AC8: 0
A9: 20240200002 | B9: 00 | C9: 20240200002-00 | D9: 가상시립미술관 건립공사(건축) 재공고 | E9: 재공고 | F9: Y | G9: 2024-05-20 10:00 | J9: 가상광역시 | K9: 가상광역시 | L9: 가상광역시 중구 | M9: 19100000000 | N9: 21010000000 | O9: 건축공사 | Q9: 건축 | R9: 주공종명 | S9: 신축 | T9: 신축 | U9: F0002 | V9: 가상시립미술관 | W9: F0002-N | X9: F0002-N|건축| | Y9: TRUE | AA9: 최신 공고 채택(2건 중) | AC9: 0 | AD9: https://www.g2b.go.kr/x/2
A10: 20240300006 | B10: 00 | C10: 20240300006-00 | D10: 가상시립미술관 건립 소방시설공사(재공고) | E10: 재공고 | F10: Y | G10: 2024-04-15 10:00 | J10: 가상광역시 | K10: 가상광역시 | L10: 가상광역시 중구 | M10: 530000000 | N10: 583000000 | O10: 소방공사 | Q10: 소방 | R10: 주공종명 | S10: 신축 | T10: 신축 | U10: F0002 | V10: 가상시립미술관 | W10: F0002-N | X10: F0002-N|소방| | Y10: TRUE | AA10: 단독 공고, 취소 1건 제외 | AC10: 0
A11: 20260500011 | B11: 00 | C11: 20260500011-00 | D11: 가상시립미술관 노후시설 개보수공사(건축) | E11: 일반 | F11: N | G11: 2026-05-02 10:00 | J11: 가상광역시 | K11: 가상광역시 | L11: 가상광역시 중구 | M11: 4200000000 | N11: 4620000000 | O11: 건축공사 | Q11: 건축 | R11: 주공종명 | S11: 리모델링 | T11: 리모델링 | U11: F0002 | V11: 가상시립미술관 | W11: F0002-R | X11: F0002-R|건축| | Y11: TRUE | AA11: 단독 공고 | AC11: 0
A12: 20260500012 | B12: 00 | C12: 20260500012-00 | D12: 가상시립미술관 전기공사 | E12: 일반 | F12: N | G12: 2026-05-03 10:00 | J12: 가상광역시 | K12: 가상광역시 | L12: 가상광역시 중구 | M12: 380000000 | N12: 418000000 | O12: 전기공사 | Q12: 전기 | R12: 주공종명 | S12: 리모델링 | T12: 미분류 | U12: F0002 | V12: 가상시립미술관 | W12: F0002-R | X12: F0002-R|전기| | Y12: TRUE | AA12: 단독 공고 | AC12: 0

Sheet 03_공고목록_최신
A1: 공고번호 | B1: 공고차수 | C1: 공고키 | D1: 공고명 | E1: 공고종류 | F1: 재공고여부 | G1: 공고일시 | H1: 입찰마감일시 | I1: 개찰일시 | J1: 공고기관 | K1: 수요기관 | L1: 공사현장지역 | M1: 추정가격 | N1: 기초금액 | O1: 주공종명 | P1: 면허제한업종 | Q1: 공종 | R1: 공종근거 | S1: 사업유형 | T1: 사업유형_원분류 | U1: 시설ID | V1: 시설명 | W1: 프로젝트ID | X1: 프로젝트키 | Y1: 최신여부 | Z1: 대체공고번호 | AA1: 대표선정사유 | AB1: 사전규격번호 | AC1: 첨부파일수 | AD1: 상세URL
A2: 20250100008 | B2: 00 | C2: 20250100008-00 | D2: 예시군 문화예술회관 건립공사 | E2: 일반 | F2: N | G2: 2025-02-10 10:00 | J2: 예시군 | K2: 예시군 | L2: 전라남도 예시군 | M2: 32000000000 | N2: 35200000000 | O2: 건축공사 | Q2: 건축 | R2: 주공종명 | S2: 신축 | T2: 신축 | U2: F0001 | V2: 예시군 문화예술회관 | W2: F0001-N | X2: F0001-N|건축| | Y2: TRUE | AA2: 단독 공고 | AC2: 0
A3: 20250100009 | B3: 00 | C3: 20250100009-00 | D3: 예시군 문화예술회관 건립 전기공사 | E3: 일반 | F3: N | G3: 2025-02-10 11:00 | J3: 예시군 | K3: 예시군 | L3: 전라남도 예시군 | M3: 2600000000 | N3: 2860000000 | O3: 전기공사 | Q3: 전기 | R3: 주공종명 | S3: 신축 | T3: 신축 | U3: F0001 | V3: 예시군 문화예술회관 | W3: F0001-N | X3: F0001-N|전기| | Y3: TRUE | AA3: 단독 공고 | AC3: 0
A4: 20240100003 | B4: 00 | C4: 20240100003-00 | D4: 가상시립미술관 건립 전기공사 | E4: 일반 | F4: N | G4: 2024-03-06 10:00 | J4: 가상광역시 | K4: 가상광역시 | L4: 가상광역시 중구 | M4: 1450000000 | N4: 1595000000 | O4: 전기공사 | Q4: 전기 | R4: 주공종명 | S4: 신축 | T4: 신축 | U4: F0002 | V4: 가상시립미술관 | W4: F0002-N | X4: F0002-N|전기| | Y4: TRUE | AA4: 단독 공고 | AC4: 0
A5: 20240100004 | B5: 00 | C5: 20240100004-00 | D5: 가상시립미술관 건립 정보통신공사 | E5: 일반 | F5: N | G5: 2024-03-06 11:00 | J5: 가상광역시 | K5: 가상광역시 | L5: 가상광역시 중구 | M5: 620000000 | N5: 682000000 | O5: 정보통신공사 | Q5: 정보통신 | R5: 주공종명 | S5: 신축 | T5: 신축 | U5: F0002 | V5: 가상시립미술관 | W5: F0002-N | X5: F0002-N|정보통신| | Y5: TRUE | AA5: 단독 공고 | AC5: 0
A6: 20240200002 | B6: 00 | C6: 20240200002-00 | D6: 가상시립미술관 건립공사(건축) 재공고 | E6: 재공고 | F6: Y | G6: 2024-05-20 10:00 | J6: 가상광역시 | K6: 가상광역시 | L6: 가상광역시 중구 | M6: 19100000000 | N6: 21010000000 | O6: 건축공사 | Q6: 건축 | R6: 주공종명 | S6: 신축 | T6: 신축 | U6: F0002 | V6: 가상시립미술관 | W6: F0002-N | X6: F0002-N|건축| | Y6: TRUE | AA6: 최신 공고 채택(2건 중) | AC6: 0 | AD6: https://www.g2b.go.kr/x/2
A7: 20240300006 | B7: 00 | C7: 20240300006-00 | D7: 가상시립미술관 건립 소방시설공사(재공고) | E7: 재공고 | F7: Y | G7: 2024-04-15 10:00 | J7: 가상광역시 | K7: 가상광역시 | L7: 가상광역시 중구 | M7: 530000000 | N7: 583000000 | O7: 소방공사 | Q7: 소방 | R7: 주공종명 | S7: 신축 | T7: 신축 | U7: F0002 | V7: 가상시립미술관 | W7: F0002-N | X7: F0002-N|소방| | Y7: TRUE | AA7: 단독 공고, 취소 1건 제외 | AC7: 0
A8: 20260500011 | B8: 00 | C8: 20260500011-00 | D8: 가상시립미술관 노후시설 개보수공사(건축) | E8: 일반 | F8: N | G8: 2026-05-02 10:00 | J8: 가상광역시 | K8: 가상광역시 | L8: 가상광역시 중구 | M8: 4200000000 | N8: 4620000000 | O8: 건축공사 | Q8: 건축 | R8: 주공종명 | S8: 리모델링 | T8: 리모델링 | U8: F0002 | V8: 가상시립미술관 | W8: F0002-R | X8: F0002-R|건축| | Y8: TRUE | AA8: 단독 공고 | AC8: 0
A9: 20260500012 | B9: 00 | C9: 20260500012-00 | D9: 가상시립미술관 전기공사 | E9: 일반 | F9: N | G9: 2026-05-03 10:00 | J9: 가상광역시 | K9: 가상광역시 | L9: 가상광역시 중구 | M9: 380000000 | N9: 418000000 | O9: 전기공사 | Q9: 전기 | R9: 주공종명 | S9: 리모델링 | T9: 미분류 | U9: F0002 | V9: 가상시립미술관 | W9: F0002-R | X9: F0002-R|전기| | Y9: TRUE | AA9: 단독 공고 | AC9: 0

Sheet 04_공사비DB_공종별
A1: 프로젝트ID | B1: 시설ID | C1: 시설명 | D1: 사업유형 | E1: 공종 | F1: 공고번호 | G1: 공고차수 | H1: 공고명 | I1: 공고일시 | J1: 수요기관 | K1: 추정가격_API | L1: 기초금액_API | M1: 부가세(수식) | N1: 도급자관급액_문서 | O1: 관급자관급액_문서 | P1: 총공사비(수식) | Q1: 공사기간_일_문서 | R1: 추정가격_문서 | S1: 기초금액_문서 | T1: 추정가격_차이율(수식) | U1: 신뢰도 | V1: 근거문구 | W1: 출처파일 | X1: 상세URL
A2: F0001-N | B2: F0001 | C2: 예시군 문화예술회관 | D2: 신축 | E2: 건축 | F2: 20250100008 | G2: 00 | H2: 예시군 문화예술회관 건립공사 | I2: 2025-02-10 10:00 | J2: 예시군 | K2: 32000000000 | L2: 35200000000 | M2: =IF(AND(ISNUMBER(L2),ISNUMBER(K2)),L2-K2,IF(AND(ISNUMBER(S2),ISNUMBER(R2)),S2-R2,"")) | O2: 2100000000 | P2: =IF(ISNUMBER(L2),L2,IF(ISNUMBER(K2),K2*1.1,IF(ISNUMBER(S2),S2,IF(ISNUMBER(R2),R2*1.1,0))))+N(N2)+N(O2) | Q2: 1080 | R2: 32000000000 | S2: 35200000000 | T2: =IF(AND(ISNUMBER(K2),ISNUMBER(R2),K2<>0),(R2-K2)/K2,"") | U2: high | V2: {"연면적_m2": "연면적 15,200㎡"}
A3: F0001-N | B3: F0001 | C3: 예시군 문화예술회관 | D3: 신축 | E3: 전기 | F3: 20250100009 | G3: 00 | H3: 예시군 문화예술회관 건립 전기공사 | I3: 2025-02-10 11:00 | J3: 예시군 | K3: 2600000000 | L3: 2860000000 | M3: =IF(AND(ISNUMBER(L3),ISNUMBER(K3)),L3-K3,IF(AND(ISNUMBER(S3),ISNUMBER(R3)),S3-R3,"")) | P3: =IF(ISNUMBER(L3),L3,IF(ISNUMBER(K3),K3*1.1,IF(ISNUMBER(S3),S3,IF(ISNUMBER(R3),R3*1.1,0))))+N(N3)+N(O3) | T3: =IF(AND(ISNUMBER(K3),ISNUMBER(R3),K3<>0),(R3-K3)/K3,"")
A4: F0002-N | B4: F0002 | C4: 가상시립미술관 | D4: 신축 | E4: 전기 | F4: 20240100003 | G4: 00 | H4: 가상시립미술관 건립 전기공사 | I4: 2024-03-06 10:00 | J4: 가상광역시 | K4: 1450000000 | L4: 1595000000 | M4: =IF(AND(ISNUMBER(L4),ISNUMBER(K4)),L4-K4,IF(AND(ISNUMBER(S4),ISNUMBER(R4)),S4-R4,"")) | P4: =IF(ISNUMBER(L4),L4,IF(ISNUMBER(K4),K4*1.1,IF(ISNUMBER(S4),S4,IF(ISNUMBER(R4),R4*1.1,0))))+N(N4)+N(O4) | T4: =IF(AND(ISNUMBER(K4),ISNUMBER(R4),K4<>0),(R4-K4)/K4,"")
A5: F0002-N | B5: F0002 | C5: 가상시립미술관 | D5: 신축 | E5: 정보통신 | F5: 20240100004 | G5: 00 | H5: 가상시립미술관 건립 정보통신공사 | I5: 2024-03-06 11:00 | J5: 가상광역시 | K5: 620000000 | L5: 682000000 | M5: =IF(AND(ISNUMBER(L5),ISNUMBER(K5)),L5-K5,IF(AND(ISNUMBER(S5),ISNUMBER(R5)),S5-R5,"")) | P5: =IF(ISNUMBER(L5),L5,IF(ISNUMBER(K5),K5*1.1,IF(ISNUMBER(S5),S5,IF(ISNUMBER(R5),R5*1.1,0))))+N(N5)+N(O5) | T5: =IF(AND(ISNUMBER(K5),ISNUMBER(R5),K5<>0),(R5-K5)/K5,"")
A6: F0002-N | B6: F0002 | C6: 가상시립미술관 | D6: 신축 | E6: 건축 | F6: 20240200002 | G6: 00 | H6: 가상시립미술관 건립공사(건축) 재공고 | I6: 2024-05-20 10:00 | J6: 가상광역시 | K6: 19100000000 | L6: 21010000000 | M6: =IF(AND(ISNUMBER(L6),ISNUMBER(K6)),L6-K6,IF(AND(ISNUMBER(S6),ISNUMBER(R6)),S6-R6,"")) | N6: 850000000 | O6: 1200000000 | P6: =IF(ISNUMBER(L6),L6,IF(ISNUMBER(K6),K6*1.1,IF(ISNUMBER(S6),S6,IF(ISNUMBER(R6),R6*1.1,0))))+N(N6)+N(O6) | Q6: 900 | R6: 19100000000 | S6: 21010000000 | T6: =IF(AND(ISNUMBER(K6),ISNUMBER(R6),K6<>0),(R6-K6)/K6,"") | U6: high | V6: {"연면적_m2": "연면적 9,850㎡", "추정가격_원": "추정가격 19,100,000,000원"} | X6: https://www.g2b.go.kr/x/2
A7: F0002-N | B7: F0002 | C7: 가상시립미술관 | D7: 신축 | E7: 소방 | F7: 20240300006 | G7: 00 | H7: 가상시립미술관 건립 소방시설공사(재공고) | I7: 2024-04-15 10:00 | J7: 가상광역시 | K7: 530000000 | L7: 583000000 | M7: =IF(AND(ISNUMBER(L7),ISNUMBER(K7)),L7-K7,IF(AND(ISNUMBER(S7),ISNUMBER(R7)),S7-R7,"")) | P7: =IF(ISNUMBER(L7),L7,IF(ISNUMBER(K7),K7*1.1,IF(ISNUMBER(S7),S7,IF(ISNUMBER(R7),R7*1.1,0))))+N(N7)+N(O7) | T7: =IF(AND(ISNUMBER(K7),ISNUMBER(R7),K7<>0),(R7-K7)/K7,"")
A8: F0002-R | B8: F0002 | C8: 가상시립미술관 | D8: 리모델링 | E8: 건축 | F8: 20260500011 | G8: 00 | H8: 가상시립미술관 노후시설 개보수공사(건축) | I8: 2026-05-02 10:00 | J8: 가상광역시 | K8: 4200000000 | L8: 4620000000 | M8: =IF(AND(ISNUMBER(L8),ISNUMBER(K8)),L8-K8,IF(AND(ISNUMBER(S8),ISNUMBER(R8)),S8-R8,"")) | O8: 300000000 | P8: =IF(ISNUMBER(L8),L8,IF(ISNUMBER(K8),K8*1.1,IF(ISNUMBER(S8),S8,IF(ISNUMBER(R8),R8*1.1,0))))+N(N8)+N(O8) | Q8: 420 | R8: 4200000000 | S8: 4620000000 | T8: =IF(AND(ISNUMBER(K8),ISNUMBER(R8),K8<>0),(R8-K8)/K8,"") | U8: medium | V8: {"연면적_m2": "리모델링 대상면적 6,100㎡"}
A9: F0002-R | B9: F0002 | C9: 가상시립미술관 | D9: 리모델링 | E9: 전기 | F9: 20260500012 | G9: 00 | H9: 가상시립미술관 전기공사 | I9: 2026-05-03 10:00 | J9: 가상광역시 | K9: 380000000 | L9: 418000000 | M9: =IF(AND(ISNUMBER(L9),ISNUMBER(K9)),L9-K9,IF(AND(ISNUMBER(S9),ISNUMBER(R9)),S9-R9,"")) | P9: =IF(ISNUMBER(L9),L9,IF(ISNUMBER(K9),K9*1.1,IF(ISNUMBER(S9),S9,IF(ISNUMBER(R9),R9*1.1,0))))+N(N9)+N(O9) | T9: =IF(AND(ISNUMBER(K9),ISNUMBER(R9),K9<>0),(R9-K9)/K9,"")

Sheet 05_공사비DB_시설합산
A1: 프로젝트ID | B1: 시설ID | C1: 시설명 | D1: 사업유형 | E1: 표2_대분류 | F1: 표2_중분류 | G1: 수요기관 | H1: 연면적_m2 | I1: 지상층수 | J1: 지하층수 | K1: 구조 | L1: 공고연도 | M1: 건축(수식) | N1: 전기(수식) | O1: 정보통신(수식) | P1: 소방(수식) | Q1: 조경(수식) | R1: 기계설비(수식) | S1: 토목(수식) | T1: 기타(수식) | U1: 총공사비합계(수식) | V1: ㎡당공사비_원(수식) | W1: 건설공사비지수_보정계수(입력) | X1: 보정_㎡당공사비_원(수식) | Y1: 공종누락경고(수식) | Z1: 공고건수_최신 | AA1: 메모
A2: F0001-N | B2: F0001 | C2: 예시군 문화예술회관 | D2: 신축 | E2: 문화 및 집회시설 | F2: 공연장 | G2: 예시군 | H2: =IFERROR(INDEX('01_시설마스터'!$V:$V,MATCH($A2,'01_시설마스터'!$A:$A,0)),"") | I2: 3 | J2: 1 | K2: 철골철근콘크리트조 | L2: 2025 | M2: =SUMIFS('04_공사비DB_공종별'!$P:$P,'04_공사비DB_공종별'!$A:$A,$A2,'04_공사비DB_공종별'!$E:$E,"건축") | N2: =SUMIFS('04_공사비DB_공종별'!$P:$P,'04_공사비DB_공종별'!$A:$A,$A2,'04_공사비DB_공종별'!$E:$E,"전기") | O2: =SUMIFS('04_공사비DB_공종별'!$P:$P,'04_공사비DB_공종별'!$A:$A,$A2,'04_공사비DB_공종별'!$E:$E,"정보통신") | P2: =SUMIFS('04_공사비DB_공종별'!$P:$P,'04_공사비DB_공종별'!$A:$A,$A2,'04_공사비DB_공종별'!$E:$E,"소방") | Q2: =SUMIFS('04_공사비DB_공종별'!$P:$P,'04_공사비DB_공종별'!$A:$A,$A2,'04_공사비DB_공종별'!$E:$E,"조경") | R2: =SUMIFS('04_공사비DB_공종별'!$P:$P,'04_공사비DB_공종별'!$A:$A,$A2,'04_공사비DB_공종별'!$E:$E,"기계설비") | S2: =SUMIFS('04_공사비DB_공종별'!$P:$P,'04_공사비DB_공종별'!$A:$A,$A2,'04_공사비DB_공종별'!$E:$E,"토목") | T2: =SUMIFS('04_공사비DB_공종별'!$P:$P,'04_공사비DB_공종별'!$A:$A,$A2,'04_공사비DB_공종별'!$E:$E,"기타") | U2: =SUM(M2:T2) | V2: =IF(AND(ISNUMBER(H2),H2>0),U2/H2,"") | W2: 1 | X2: =IF(ISNUMBER(V2),V2*W2,"") | Y2: =TRIM(IF(TRIM(IF(COUNTIFS('04_공사비DB_공종별'!$A:$A,$A2,'04_공사비DB_공종별'!$E:$E,"건축")=0,"건축 ","")&IF(COUNTIFS('04_공사비DB_공종별'!$A:$A,$A2,'04_공사비DB_공종별'!$E:$E,"전기")=0,"전기 ","")&IF(COUNTIFS('04_공사비DB_공종별'!$A:$A,$A2,'04_공사비DB_공종별'!$E:$E,"정보통신")=0,"정보통신 ","")&IF(COUNTIFS('04_공사비DB_공종별'!$A:$A,$A2,'04_공사비DB_공종별'!$E:$E,"소방")=0,"소방 ",""))="","",TRIM(IF(COUNTIFS('04_공사비DB_공종별'!$A:$A,$A2,'04_공사비DB_공종별'!$E:$E,"건축")=0,"건축 ","")&IF(COUNTIFS('04_공사비DB_공종별'!$A:$A,$A2,'04_공사비DB_공종별'!$E:$E,"전기")=0,"전기 ","")&IF(COUNTIFS('04_공사비DB_공종별'!$A:$A,$A2,'04_공사비DB_공종별'!$E:$E,"정보통신")=0,"정보통신 ","")&IF(COUNTIFS('04_공사비DB_공종별'!$A:$A,$A2,'04_공사비DB_공종별'!$E:$E,"소방")=0,"소방 ",""))&"누락 ")&IF(TRIM(IF(AND(COUNTIFS('04_공사비DB_공종별'!$A:$A,$A2,'04_공사비DB_공종별'!$E:$E,"건축")>0,M2=0),"건축 ","")&IF(AND(COUNTIFS('04_공사비DB_공종별'!$A:$A,$A2,'04_공사비DB_공종별'!$E:$E,"전기")>0,N2=0),"전기 ","")&IF(AND(COUNTIFS('04_공사비DB_공종별'!$A:$A,$A2,'04_공사비DB_공종별'!$E:$E,"정보통신")>0,O2=0),"정보통신 ","")&IF(AND(COUNTIFS('04_공사비DB_공종별'!$A:$A,$A2,'04_공사비DB_공종별'!$E:$E,"소방")>0,P2=0),"소방 ",""))="","",TRIM(IF(AND(COUNTIFS('04_공사비DB_공종별'!$A:$A,$A2,'04_공사비DB_공종별'!$E:$E,"건축")>0,M2=0),"건축 ","")&IF(AND(COUNTIFS('04_공사비DB_공종별'!$A:$A,$A2,'04_공사비DB_공종별'!$E:$E,"전기")>0,N2=0),"전기 ","")&IF(AND(COUNTIFS('04_공사비DB_공종별'!$A:$A,$A2,'04_공사비DB_공종별'!$E:$E,"정보통신")>0,O2=0),"정보통신 ","")&IF(AND(COUNTIFS('04_공사비DB_공종별'!$A:$A,$A2,'04_공사비DB_공종별'!$E:$E,"소방")>0,P2=0),"소방 ",""))&"금액없음")) | Z2: 2
A3: F0002-N | B3: F0002 | C3: 가상시립미술관 | D3: 신축 | E3: 문화 및 집회시설 | F3: 미술관 | G3: 가상광역시 | H3: =IFERROR(INDEX('01_시설마스터'!$V:$V,MATCH($A3,'01_시설마스터'!$A:$A,0)),"") | I3: 4 | J3: 2 | K3: 철근콘크리트조 | L3: 2024 | M3: =SUMIFS('04_공사비DB_공종별'!$P:$P,'04_공사비DB_공종별'!$A:$A,$A3,'04_공사비DB_공종별'!$E:$E,"건축") | N3: =SUMIFS('04_공사비DB_공종별'!$P:$P,'04_공사비DB_공종별'!$A:$A,$A3,'04_공사비DB_공종별'!$E:$E,"전기") | O3: =SUMIFS('04_공사비DB_공종별'!$P:$P,'04_공사비DB_공종별'!$A:$A,$A3,'04_공사비DB_공종별'!$E:$E,"정보통신") | P3: =SUMIFS('04_공사비DB_공종별'!$P:$P,'04_공사비DB_공종별'!$A:$A,$A3,'04_공사비DB_공종별'!$E:$E,"소방") | Q3: =SUMIFS('04_공사비DB_공종별'!$P:$P,'04_공사비DB_공종별'!$A:$A,$A3,'04_공사비DB_공종별'!$E:$E,"조경") | R3: =SUMIFS('04_공사비DB_공종별'!$P:$P,'04_공사비DB_공종별'!$A:$A,$A3,'04_공사비DB_공종별'!$E:$E,"기계설비") | S3: =SUMIFS('04_공사비DB_공종별'!$P:$P,'04_공사비DB_공종별'!$A:$A,$A3,'04_공사비DB_공종별'!$E:$E,"토목") | T3: =SUMIFS('04_공사비DB_공종별'!$P:$P,'04_공사비DB_공종별'!$A:$A,$A3,'04_공사비DB_공종별'!$E:$E,"기타") | U3: =SUM(M3:T3) | V3: =IF(AND(ISNUMBER(H3),H3>0),U3/H3,"") | W3: 1 | X3: =IF(ISNUMBER(V3),V3*W3,"") | Y3: =TRIM(IF(TRIM(IF(COUNTIFS('04_공사비DB_공종별'!$A:$A,$A3,'04_공사비DB_공종별'!$E:$E,"건축")=0,"건축 ","")&IF(COUNTIFS('04_공사비DB_공종별'!$A:$A,$A3,'04_공사비DB_공종별'!$E:$E,"전기")=0,"전기 ","")&IF(COUNTIFS('04_공사비DB_공종별'!$A:$A,$A3,'04_공사비DB_공종별'!$E:$E,"정보통신")=0,"정보통신 ","")&IF(COUNTIFS('04_공사비DB_공종별'!$A:$A,$A3,'04_공사비DB_공종별'!$E:$E,"소방")=0,"소방 ",""))="","",TRIM(IF(COUNTIFS('04_공사비DB_공종별'!$A:$A,$A3,'04_공사비DB_공종별'!$E:$E,"건축")=0,"건축 ","")&IF(COUNTIFS('04_공사비DB_공종별'!$A:$A,$A3,'04_공사비DB_공종별'!$E:$E,"전기")=0,"전기 ","")&IF(COUNTIFS('04_공사비DB_공종별'!$A:$A,$A3,'04_공사비DB_공종별'!$E:$E,"정보통신")=0,"정보통신 ","")&IF(COUNTIFS('04_공사비DB_공종별'!$A:$A,$A3,'04_공사비DB_공종별'!$E:$E,"소방")=0,"소방 ",""))&"누락 ")&IF(TRIM(IF(AND(COUNTIFS('04_공사비DB_공종별'!$A:$A,$A3,'04_공사비DB_공종별'!$E:$E,"건축")>0,M3=0),"건축 ","")&IF(AND(COUNTIFS('04_공사비DB_공종별'!$A:$A,$A3,'04_공사비DB_공종별'!$E:$E,"전기")>0,N3=0),"전기 ","")&IF(AND(COUNTIFS('04_공사비DB_공종별'!$A:$A,$A3,'04_공사비DB_공종별'!$E:$E,"정보통신")>0,O3=0),"정보통신 ","")&IF(AND(COUNTIFS('04_공사비DB_공종별'!$A:$A,$A3,'04_공사비DB_공종별'!$E:$E,"소방")>0,P3=0),"소방 ",""))="","",TRIM(IF(AND(COUNTIFS('04_공사비DB_공종별'!$A:$A,$A3,'04_공사비DB_공종별'!$E:$E,"건축")>0,M3=0),"건축 ","")&IF(AND(COUNTIFS('04_공사비DB_공종별'!$A:$A,$A3,'04_공사비DB_공종별'!$E:$E,"전기")>0,N3=0),"전기 ","")&IF(AND(COUNTIFS('04_공사비DB_공종별'!$A:$A,$A3,'04_공사비DB_공종별'!$E:$E,"정보통신")>0,O3=0),"정보통신 ","")&IF(AND(COUNTIFS('04_공사비DB_공종별'!$A:$A,$A3,'04_공사비DB_공종별'!$E:$E,"소방")>0,P3=0),"소방 ",""))&"금액없음")) | Z3: 4
A4: F0002-R | B4: F0002 | C4: 가상시립미술관 | D4: 리모델링 | E4: 문화 및 집회시설 | F4: 미술관 | G4: 가상광역시 | H4: =IFERROR(INDEX('01_시설마스터'!$V:$V,MATCH($A4,'01_시설마스터'!$A:$A,0)),"") | I4: 4 | J4: 1 | K4: 철근콘크리트조 | L4: 2026 | M4: =SUMIFS('04_공사비DB_공종별'!$P:$P,'04_공사비DB_공종별'!$A:$A,$A4,'04_공사비DB_공종별'!$E:$E,"건축") | N4: =SUMIFS('04_공사비DB_공종별'!$P:$P,'04_공사비DB_공종별'!$A:$A,$A4,'04_공사비DB_공종별'!$E:$E,"전기") | O4: =SUMIFS('04_공사비DB_공종별'!$P:$P,'04_공사비DB_공종별'!$A:$A,$A4,'04_공사비DB_공종별'!$E:$E,"정보통신") | P4: =SUMIFS('04_공사비DB_공종별'!$P:$P,'04_공사비DB_공종별'!$A:$A,$A4,'04_공사비DB_공종별'!$E:$E,"소방") | Q4: =SUMIFS('04_공사비DB_공종별'!$P:$P,'04_공사비DB_공종별'!$A:$A,$A4,'04_공사비DB_공종별'!$E:$E,"조경") | R4: =SUMIFS('04_공사비DB_공종별'!$P:$P,'04_공사비DB_공종별'!$A:$A,$A4,'04_공사비DB_공종별'!$E:$E,"기계설비") | S4: =SUMIFS('04_공사비DB_공종별'!$P:$P,'04_공사비DB_공종별'!$A:$A,$A4,'04_공사비DB_공종별'!$E:$E,"토목") | T4: =SUMIFS('04_공사비DB_공종별'!$P:$P,'04_공사비DB_공종별'!$A:$A,$A4,'04_공사비DB_공종별'!$E:$E,"기타") | U4: =SUM(M4:T4) | V4: =IF(AND(ISNUMBER(H4),H4>0),U4/H4,"") | W4: 1 | X4: =IF(ISNUMBER(V4),V4*W4,"") | Y4: =TRIM(IF(TRIM(IF(COUNTIFS('04_공사비DB_공종별'!$A:$A,$A4,'04_공사비DB_공종별'!$E:$E,"건축")=0,"건축 ","")&IF(COUNTIFS('04_공사비DB_공종별'!$A:$A,$A4,'04_공사비DB_공종별'!$E:$E,"전기")=0,"전기 ","")&IF(COUNTIFS('04_공사비DB_공종별'!$A:$A,$A4,'04_공사비DB_공종별'!$E:$E,"정보통신")=0,"정보통신 ","")&IF(COUNTIFS('04_공사비DB_공종별'!$A:$A,$A4,'04_공사비DB_공종별'!$E:$E,"소방")=0,"소방 ",""))="","",TRIM(IF(COUNTIFS('04_공사비DB_공종별'!$A:$A,$A4,'04_공사비DB_공종별'!$E:$E,"건축")=0,"건축 ","")&IF(COUNTIFS('04_공사비DB_공종별'!$A:$A,$A4,'04_공사비DB_공종별'!$E:$E,"전기")=0,"전기 ","")&IF(COUNTIFS('04_공사비DB_공종별'!$A:$A,$A4,'04_공사비DB_공종별'!$E:$E,"정보통신")=0,"정보통신 ","")&IF(COUNTIFS('04_공사비DB_공종별'!$A:$A,$A4,'04_공사비DB_공종별'!$E:$E,"소방")=0,"소방 ",""))&"누락 ")&IF(TRIM(IF(AND(COUNTIFS('04_공사비DB_공종별'!$A:$A,$A4,'04_공사비DB_공종별'!$E:$E,"건축")>0,M4=0),"건축 ","")&IF(AND(COUNTIFS('04_공사비DB_공종별'!$A:$A,$A4,'04_공사비DB_공종별'!$E:$E,"전기")>0,N4=0),"전기 ","")&IF(AND(COUNTIFS('04_공사비DB_공종별'!$A:$A,$A4,'04_공사비DB_공종별'!$E:$E,"정보통신")>0,O4=0),"정보통신 ","")&IF(AND(COUNTIFS('04_공사비DB_공종별'!$A:$A,$A4,'04_공사비DB_공종별'!$E:$E,"소방")>0,P4=0),"소방 ",""))="","",TRIM(IF(AND(COUNTIFS('04_공사비DB_공종별'!$A:$A,$A4,'04_공사비DB_공종별'!$E:$E,"건축")>0,M4=0),"건축 ","")&IF(AND(COUNTIFS('04_공사비DB_공종별'!$A:$A,$A4,'04_공사비DB_공종별'!$E:$E,"전기")>0,N4=0),"전기 ","")&IF(AND(COUNTIFS('04_공사비DB_공종별'!$A:$A,$A4,'04_공사비DB_공종별'!$E:$E,"정보통신")>0,O4=0),"정보통신 ","")&IF(AND(COUNTIFS('04_공사비DB_공종별'!$A:$A,$A4,'04_공사비DB_공종별'!$E:$E,"소방")>0,P4=0),"소방 ",""))&"금액없음")) | Z4: 2
A6: 주: 건설공사비지수 보정계수는 사용자 입력(기준연도 지수/공고연도 지수). 총공사비 = 기초금액(API, 없으면 추정가격×1.1, 그것도 없으면 문서 추출값) + 도급자관급액 + 관급자관급액. 연면적은 01_시설마스터 값을 참조(01 에서 수정). 공종누락경고: '누락'=해당 공종 공고 없음, '금액없음'=공고는 있으나 금액 0. ㎡당 공사비는 사업유형(신축/증축/리모델링)이 같은 프로젝트끼리만 비교할 것 — 리모델링의 연면적은 공사 대상 연면적임.

Sheet 06_검증로그
A1: 공고번호 | B1: 항목 | C1: API값 | D1: 문서값 | E1: 차이 | F1: 차이율 | G1: 판정 | H1: 비고

Sheet 07_추출노트
A1: 공고번호 | B1: 파일명 | C1: 형식 | D1: 우선순위 | E1: 다운로드 | F1: 추출성공 | G1: 추출글자수 | H1: 파서 | I1: LLM호출 | J1: 오류 | K1: URL
A2: 20240200002 | B2: 입찰공고문.hwp | C2: .hwp | D2: 10 | E2: Y | F2: Y | G2: 18234 | H2: olefile | I2: Y | K2: https://example.invalid/a.hwp
